{
  "approach_stalled_count": 0,
  "approach_timeout_count": 0,
  "calibration_warning_count": 0,
  "detection_latency": {
    "avg_ms": 11.000000000422006,
    "count": 1,
    "max_ms": 11.000000000422006,
    "min_ms": 11.000000000422006,
    "name": "engage_detection_latency_ms",
    "p50_ms": 11.000000000422006,
    "p95_ms": 11.000000000422006
  },
  "engage_success_rate": 0.0,
  "engaged_count": 0,
  "key_press_action_count": 0,
  "key_sequence_action_count": 0,
  "misclick_count": 0,
  "no_target_available_count": 1,
  "occupied_rejection_count": 0,
  "out_of_zone_rejection_count": 0,
  "real_input_action_count": 0,
  "right_click_action_count": 0,
  "selection_latency": {
    "avg_ms": 3.0000000006111804,
    "count": 1,
    "max_ms": 3.0000000006111804,
    "min_ms": 3.0000000006111804,
    "name": "engage_selection_latency_ms",
    "p50_ms": 3.0000000006111804,
    "p95_ms": 3.0000000006111804
  },
  "target_stolen_count": 0,
  "total_attempts": 1,
  "total_reaction_latency": {
    "avg_ms": 16.00000000144064,
    "count": 1,
    "max_ms": 16.00000000144064,
    "min_ms": 16.00000000144064,
    "name": "engage_total_reaction_latency_ms",
    "p50_ms": 16.00000000144064,
    "p95_ms": 16.00000000144064
  },
  "verification_latency": {
    "avg_ms": 0.0,
    "count": 1,
    "max_ms": 0.0,
    "min_ms": 0.0,
    "name": "engage_verification_latency_ms",
    "p50_ms": 0.0,
    "p95_ms": 0.0
  }
}